study_hours,attd,assign_marks,internal_marks,result
3.745401188473625,59.25664644193098,26.170568373590598,45.90945111878409,Fail
9.50714306409916,77.0950473689179,24.697879907199983,71.65148018711548,Pass
7.319939418114051,93.64729179382041,90.62545805210367,87.97942924223582,Pass
5.986584841970366,86.61124432047805,24.95461998495061,50.58632010350738,Pass
1.5601864044243652,90.32805739307248,27.1949726128631,47.55737454641014,Fail
1.5599452033620265,82.93916833553587,75.93982624179637,55.20973184281706,Pass
0.5808361216819946,84.61382822589263,44.973984245054,39.35330253178095,Fail
8.661761457749352,92.45978257826596,77.67105569551812,86.40323964984388,Pass
6.011150117432088,62.483400442959294,6.536615756438524,35.8694291650561,Fail
7.080725777960454,74.47124818215703,48.75711936733843,67.3346774340938,Pass
0.20584494295802447,61.06047209098011,3.3613600183282633,15.00307186371425,Fail
9.699098521619943,99.38340039983234,6.265320345535452,63.72765888087243,Pass
8.324426408004218,97.20296698433066,90.64374533444109,82.03992339655893,Pass
2.1233911067827616,51.9713405684253,13.924537111759516,33.82576960613611,Fail
1.8182496720710062,85.27875862578442,53.24206822752171,45.68292977581192,Fail
1.8340450985343382,96.26241587078329,41.10956026007065,56.216411782976024,Pass
3.0424224295953772,59.02876725636668,34.73433262588427,37.619612367795305,Fail
5.247564316322379,78.39726152763147,89.98333456872724,62.967646306232396,Pass
4.319450186421157,95.77441487940209,2.18233967754895,41.082204913026644,Fail
2.9122914019804194,51.69729892928994,66.37896861755891,53.25110397201103,Pass
6.118528947223795,84.871013362342,96.33944342135504,78.05776193432096,Pass
1.3949386065204183,64.86745036862754,56.016818346184195,39.103598558072186,Fail
2.9214464853521815,96.21980976882652,93.68224620330918,69.45649386231337,Pass
3.663618432936917,98.55291225826838,5.225787928602377,48.296997468646616,Fail
4.56069984217036,97.2133244556717,41.87933190741614,65.55759035712009,Pass
7.851759613930136,73.71071083287319,26.015779096205115,68.56748158390867,Pass
1.9967378215835974,93.10213254946567,73.08209649807299,56.04337677165056,Pass
5.142344384136116,92.22746992675351,98.12970904972467,71.04629279907773,Pass
5.924145688620425,65.95502366216279,25.65300624442478,49.111665920841595,Fail
0.46450412719997725,91.44577370753387,65.41746014740745,50.21838919819674,Pass
6.075448519014383,51.85038173577463,19.809763275974014,40.98104294852907,Fail
1.7052412368729153,79.81349392410266,56.53302545716099,42.939166187395536,Fail
0.6505159298527952,61.50044186438515,46.39324866883362,36.68911028712623,Fail
9.488855372533333,56.02834428886394,97.2005329631537,83.68082290788638,Pass
9.656320330745594,53.84766008146046,60.85272726964666,73.19938250537244,Pass
8.08397348116461,84.81443879390699,34.950637208681876,64.47294005193476,Pass
3.0461376917337066,66.9937481884033,11.409578488793336,34.55354519906498,Fail
0.9767211400638387,86.23833857643808,15.124682873493455,29.69462527389329,Fail
6.842330265121569,53.26781703994712,22.53169299512351,54.560166126631394,Pass
4.4015249373960135,65.76451689153052,25.0966661340298,50.04070133087092,Pass
1.2203823484477883,76.97456461876686,85.06160578411378,44.26144120346488,Fail
4.951769101112702,89.53615824194819,56.12227882825249,58.857053224548956,Pass
0.34388521115218396,65.9376251466035,52.33909113743665,29.375909454370383,Fail
9.093204020787821,81.29456882185045,11.476887186921747,60.954133213748456,Pass
2.587799816000169,94.29888741180935,86.0139693349435,64.02786643907473,Pass
6.62522284353982,80.79315940911523,72.28143032084837,65.17504219465572,Pass
3.1171107608941098,61.64797373768169,6.766836190000158,28.383586956254433,Fail
5.200680211778108,51.220039077826904,70.78350972297687,52.383998626946074,Pass
5.4671027934327965,93.50494369504649,54.353821734264606,67.26237744951924,Pass
1.8485445552552704,51.063470542519354,8.172534574677826,25.511701441361488,Fail
9.695846277645586,93.73508363420997,45.830064152865646,77.04424168001876,Pass
7.7513282336111455,76.4468567013606,48.469628713004695,69.36436291945117,Pass
9.394989415641891,96.95338492564481,16.577454016327575,68.90580892222295,Pass
8.948273504276488,89.93916178868326,94.56981470002823,89.78751141208912,Pass
5.978999788110851,99.89670552666686,84.99753714806619,87.751532406356,Pass
9.218742350231167,67.53559077258551,66.90223373291083,83.90862201152531,Pass
0.884925020519195,88.35941444655634,46.22955610006072,37.41848506142391,Fail
1.959828624191452,70.0965456804621,41.17655415845085,45.36990653783556,Fail
0.45227288910538066,73.99378101519544,65.09734671509541,47.593412647966744,Fail
3.2533033076326436,81.37527316091851,54.543186940690546,48.0474348172502,Fail
3.8867728968948203,93.68385570931693,6.227310588188562,49.614329695605235,Fail
2.713490317738959,99.20417345996475,51.25026487703317,63.679952364117966,Pass
8.287375091519294,88.41367069322591,80.64036172328395,78.25298605980807,Pass
3.567533266935893,70.8883391083667,45.923987759695805,44.726317023091,Fail
2.8093450968738076,71.06785011385351,5.195657755426842,39.20474008249684,Fail
5.426960831582485,86.87911507944457,78.6278199384033,72.71740038581254,Pass
1.4092422497476265,61.938857288415115,20.13637821359744,33.01692102579189,Fail
8.021969807540398,55.52370565656973,25.862083488803876,58.20656205577615,Pass
0.7455064367977082,67.73110788203883,16.47063534322959,30.196028319412076,Fail
9.868869366005173,64.36194958270409,33.02150648714976,62.05815364342143,Pass
7.722447692966574,64.81540602279951,75.6751505688635,78.27354628247244,Pass
1.987156815341724,61.680387552495496,51.93858595039374,47.88226927437253,Fail
0.05522117123602399,52.104659481818096,20.488127415071254,20.85176703367076,Fail
8.154614284548341,50.89369673667069,87.78300781520409,74.00408375468649,Pass
7.068573438476172,99.38611948680158,87.95818549515292,76.82204773571243,Pass
7.2900716804098735,71.38865668679311,87.05784250460069,79.26551025914681,Pass
7.712703466859457,69.21633235798409,23.87962113815393,61.63988712484995,Pass
0.7404465173409036,83.9823641346535,45.12393441809881,41.38272055019275,Fail
3.5846572854427263,60.912694393253204,98.49896561408751,67.78389394332562,Pass
1.1586905952512971,97.49805919751127,77.20124763099903,55.37416827465857,Pass
8.631034258755935,89.3172507207776,2.716742122555982,64.95736451749181,Pass
6.232981268275579,54.47055011561297,6.5204591260492055,38.13090615214039,Fail
3.308980248526492,70.87903878924642,46.39313768123328,48.29981318087869,Fail
0.6355835028602363,93.95591537810824,90.92202058615601,57.13394351120604,Pass
3.109823217156622,97.2366011145705,53.870179795271426,58.89786675178377,Pass
3.2518332202674705,73.37007556249348,49.781250803429025,48.105096146679834,Fail
7.29606178338064,80.67056946053539,10.547369995663058,55.892265992023766,Pass
6.3755747135521315,58.35169730460376,65.6780104724294,66.841447044526,Pass
8.872127425763265,99.55843130684883,82.21031606002255,87.8353127269234,Pass
4.722149251619493,61.58358506917217,38.04200075075623,40.7433872487631,Fail
1.195942459383017,97.13658870675629,77.56118509253275,65.94102149834588,Pass
7.13244787222995,82.48233244961843,96.44766539008116,89.1160612342821,Pass
7.607850486168974,80.38683974394296,20.376645912768907,54.199134166161365,Pass
5.612771975694963,75.63442555082543,52.33296311947413,64.28984353009568,Pass
7.70967179954561,61.53349058588793,28.713795808457554,55.397999263729375,Pass
4.937955963643907,58.82640160027542,79.28544190338394,62.502812982328734,Pass
5.227328293819941,61.02431045350877,57.75933658811575,58.01552793283458,Pass
4.275410183585496,59.32191310721272,63.45824175503038,52.763648191433305,Pass
0.2541912674409519,88.97922367833766,79.79141596158941,47.72912863380994,Fail
1.0789142699330445,67.5062629583365,39.59704726624549,32.99394488552548,Fail
0.3142918568673425,52.89213382816982,91.50900684070432,39.996550050725396,Fail
6.364104112637804,98.45513150704056,53.302886724614,66.82471087889535,Pass
3.143559810763267,94.18929424817128,15.7954822835348,45.23378075231812,Fail
5.085706911647028,96.38761415976064,69.58991181688025,66.55728549402663,Pass
9.07566473926093,99.74539113232177,79.32613504382545,93.43437713845098,Pass
2.4929222914887497,58.69476246097437,31.67616770675267,44.519198992952745,Fail
4.103829230356297,69.81210094513294,85.7179256998753,60.174058708077446,Pass
7.555511385430487,87.91192378520456,90.61432547657664,84.9769428229332,Pass
2.2879816549162246,84.8010309026896,27.690448737780894,45.397796063320726,Fail
0.7697990982879299,57.69479531699275,98.3521472715222,52.25329052430258,Pass
2.8975145291376805,90.79165624953089,14.071152804875842,43.42867717245318,Fail
1.6122128725400442,61.22202859183304,20.201566840248997,34.5893422115834,Fail
9.29697652342573,61.19088074113115,18.422483923802613,63.48316025658634,Pass
8.08120379564417,76.84872114467068,89.39897100078704,76.0108107145775,Pass
6.334037565104235,79.64699674208515,65.42925523249619,73.2048061747377,Pass
8.714605901877178,79.00431039189056,15.210428322227287,67.55929940807776,Pass
8.036720768991145,54.574341869887746,44.032341836834895,57.91245766708846,Pass
1.8657005888603584,93.87304313151901,61.529802506980204,54.2733452242292,Pass
8.925589984899778,63.2800021294353,8.34640849893833,60.60692809216654,Pass
5.393422419156507,56.47574606414021,88.24163684073388,63.94233545019145,Pass
8.074401551640625,94.43740399344887,80.36035354415351,90.10182370667327,Pass
8.960912999234932,97.78257491148767,50.52067735766382,92.15399015078198,Pass
3.1800347497186388,93.10638086327253,96.71266152591704,65.7359215524565,Pass
1.1005192452767676,90.4758037362439,41.77609792750997,37.172424464464356,Fail
2.279351625419417,82.7620990319511,98.41103190364979,64.98843876038231,Pass
4.271077886262563,77.54286853045696,66.79199988036271,63.992584593926864,Pass
8.18014765922493,54.34933799557051,63.467127325394145,66.91119836396528,Pass
8.607305832563434,70.42266065353493,16.5954895295785,67.80097170179293,Pass
0.06952130531190703,68.6344258506157,88.1927758304644,40.63321672695541,Fail
5.107473025775658,62.98768918801631,42.74896879206152,55.61548261228403,Pass
4.17411003148779,86.17100568442925,16.223340578247935,44.38543990095985,Fail
2.2210781047073027,74.79378675393855,1.260751997575904,40.29756357532003,Fail
1.198653673336828,54.0523107953824,55.975568363838256,47.765555206954105,Fail
3.3761517140362796,61.009160097490565,52.739962212267635,43.796060610155834,Fail
9.429097039125192,84.16293818297979,71.93536223691585,81.79809260292656,Pass
3.2320293202075523,53.80654297451501,89.02580530178021,60.07576119861778,Pass
5.187906217433661,92.56034570243844,7.9406584643029525,48.96627287080949,Fail
7.030189588951778,74.75732635069872,73.14964903403623,72.2657948815664,Pass
3.63629602379294,74.0293288663324,18.741194409758222,42.503283180710994,Fail
9.717820827209607,79.62038923297588,85.8177053157164,78.90434589245783,Pass
9.624472949421111,91.23404829625746,81.90635138616561,90.37082297194019,Pass
2.5178229582536416,67.39046039510966,54.07937549855444,43.06360373079293,Fail
4.972485058923855,83.90080762795318,71.02427986233116,63.90185237078185,Pass
3.0087830981676964,78.28659819978955,31.43501131837484,52.16977526546417,Pass
2.848404943774676,63.35141350847107,47.116789893281464,38.25154632422818,Fail
0.36886947354532795,93.9314993177579,82.16368977104716,58.37006055456272,Pass
6.095643339798968,89.8713010803464,45.92651971732139,63.727104946837166,Pass
5.026790232288615,82.92259173292128,35.77982653254418,54.31908556631493,Pass
0.5147875124998935,92.52908645471209,49.421244725029986,48.59610888418075,Fail
2.7864646423661146,93.36471004799012,82.82492524372184,65.7030056298225,Pass
9.082658859666537,85.41814883575174,33.520804737087275,74.8653864966155,Pass
2.395618906669724,91.85066641818361,17.37615931357438,47.191446648870595,Fail
1.448948720912231,84.87357308346418,71.20140203307808,50.96174550269499,Pass
4.89452760277563,84.00703858801502,82.59782127080818,66.49838469621074,Pass
9.856504541106007,80.93056891075922,10.063747852353334,61.29856056056881,Pass
2.4205527151150044,87.63583197788206,23.98741127559447,39.0421311866082,Fail
6.721355474058786,57.93025526465368,14.19719897609939,63.26913029500469,Pass
7.616196153287175,94.04353795994642,34.79414115821666,75.33948625228155,Pass
2.3763754399239967,93.5921763872616,45.035097890541266,44.33831221199674,Fail
7.282163486118596,51.462364151727954,74.88263369633064,60.41986351517411,Pass
3.677831327192532,91.29083752823814,65.11475848816741,64.04233442228424,Pass
6.3230583059357945,56.44349337367226,62.092856747843115,63.58946224708763,Pass
6.335297107608947,66.7559427129571,35.23749466096544,58.68363881919937,Pass
5.357746840747585,87.1754128145804,84.144755308476,71.55225883213878,Pass
0.902897700544083,58.03799480241541,47.128716739816454,34.53433296483139,Fail
8.35302495589238,90.8983512059531,97.91049380151546,91.69415094660687,Pass
3.2078006497173583,91.6067088978871,63.41421382957368,59.76694444857433,Pass
1.8651851039985423,75.37338668804182,12.626474156450273,22.764196805604126,Fail
0.40775141554763916,50.31929358584168,67.6177562075434,35.863122447330106,Fail
5.908929431882418,64.35190665874563,32.5104015431699,48.43737801680277,Fail
6.775643618422825,80.84634591878711,68.63271966860974,72.82235124445292,Pass
0.16587828927856152,99.05930890137117,6.964114816240574,47.396835285414824,Fail
5.12093058299281,81.59067635083342,17.48814371759594,52.04477667987156,Pass
2.2649577519793795,62.99017905320799,85.57372589057863,52.06135406019152,Pass
6.451727904094499,81.70028515498056,22.71795570235149,61.74139138346388,Pass
1.7436642900499144,76.99926898579278,83.704112524294,57.599111049271755,Pass
6.90937738102466,88.99226975755718,27.927608845441043,64.81394555725731,Pass
3.867353463005374,55.34903194134792,64.28819100587077,54.39483370226546,Pass
9.367299887367345,88.05139512510141,69.4150573509831,94.99185311644244,Pass
1.3752094414599325,77.06332893380551,51.265475314505295,38.34503686370339,Fail
3.410663510502585,98.14960019294973,30.531067669673128,54.615014784854466,Pass
1.1347352124058907,67.0936083019343,21.264437637109612,26.41444898142904,Fail
9.246936182785628,81.6310946566974,3.318935456242622,65.25031699673576,Pass
8.77339353380981,96.60140527550087,30.39464012407238,68.59895519768072,Pass
2.579416277151556,55.12548639953396,65.3162790531283,44.36336067637948,Fail
6.59984046034179,96.86142436182256,93.83048184484826,82.13148413217887,Pass
8.172222002012159,84.39428611504067,87.1204482263052,89.02239190717594,Pass
5.5520081159946235,53.39185295525859,76.60647765353026,65.79980386632721,Pass
5.296505783560065,65.04817834734081,78.84473432532987,58.12531005380953,Pass
2.418522909004517,85.40860443226407,66.49849034759953,55.520890624976396,Pass
0.9310276780589921,53.36753007343859,26.0286857566003,23.995076187501773,Fail
8.972157579533267,79.10852300881366,90.71950307058299,80.5445135885754,Pass
9.004180571633304,67.29415284764784,67.0732311905834,75.24185224588074,Pass
6.33101457273268,81.04577588837385,56.04406309804399,64.90859604457698,Pass
3.390297910487007,52.28710169062564,11.098946921348107,44.71058865726776,Fail
3.492095746126609,93.57684030761882,44.70555438064254,57.61790051778832,Pass
7.259556788702394,98.67444845886985,46.03582712019263,65.56322232475712,Pass
8.971102599525771,98.44389276428458,86.45636095226699,88.53061649221385,Pass
8.870864242651173,87.48259158714623,54.66482201877885,83.23459752952921,Pass
7.798755458576238,56.5043120065316,38.04005489704097,70.00054576972634,Pass
6.420316461542877,87.91315979645113,97.68003285106593,73.42930707923682,Pass
0.8413996499504883,51.229345822940076,11.072059332631568,12.656398220778222,Fail
1.6162871409461377,51.106177576449866,42.25484283119446,43.828280562936754,Fail
8.985541885270793,66.18051095747705,4.202467517140529,59.005131970322964,Pass
6.0642905965958995,74.43215952023328,73.99041207669303,64.44247020607966,Pass
0.09197051616629648,88.52037089038966,91.80765521991506,57.13943532836877,Pass
1.014715428660321,84.16476883032526,28.003732955048942,24.53067355516915,Fail
6.635017691080558,72.29513531883742,85.83416767991208,73.99573919693289,Pass
0.05061583846218687,63.68133331408329,29.221823046189776,29.712516126146095,Fail
1.6080805141749865,99.85622500788556,91.07701616439152,68.33364510607223,Pass
5.487337893665861,71.30906511179865,75.3961903596784,60.89144845464388,Pass
6.918951976926932,72.56935121648377,80.49067768414386,74.0222523849128,Pass
6.519612595026006,58.181191059583455,1.80065556004545,39.44588123569476,Fail
2.242693094605598,89.74047743749647,96.2810357074026,66.0541451002637,Pass
7.121792213475358,84.68411128907442,72.66709920703232,71.21580039091833,Pass
2.3724908749680007,61.03848063943802,30.47510953861333,34.9035363574863,Fail
3.2539969815926773,54.11905228079213,82.9394664858847,49.15446658242261,Fail
7.464914051180242,84.02496510373565,28.152119841492997,66.76846289740784,Pass
6.496328990472147,82.72556071405677,87.2753839566128,81.27785494637278,Pass
8.49223410494178,63.662976349910466,11.258039041193701,55.2721381873113,Pass
6.576128923003433,97.54317811252051,70.36859774607957,76.8692384243939,Pass
5.683086033354716,57.55289458904501,54.069847664491036,48.97620973631195,Fail
0.9367476782809248,71.6167400521301,9.653447019544082,26.629663594592017,Fail
3.6771580305943354,97.18079600837994,24.189382825883897,50.868662687447774,Pass
2.6520236768172545,70.98636584630611,1.240403627731479,45.380091004630174,Fail
2.4398964337908358,81.92629738320429,46.876796546450585,42.84067878518899,Fail
9.730105547524456,69.87971989813971,30.126526076000037,76.24318217610194,Pass
3.930977246667604,63.7107601174335,59.83574842977588,57.77215541816227,Pass
8.920465551771134,99.19888239799141,29.72378077086172,75.76184318019115,Pass
6.311386259972629,70.46670031575215,29.99191115069847,64.17623090080136,Pass
7.948113035416484,94.70496018395673,74.31931987316034,84.36026352183536,Pass
5.026370931051921,61.49773029455431,4.814283597835345,41.94488387026423,Fail
5.769038846263591,60.655235201254165,90.28949951919873,68.0939725361025,Pass
4.925176938188639,51.55670414422557,85.22638743911814,66.8534796398508,Pass
1.952429877980445,82.58334126879424,66.78046832264066,58.10120855840667,Pass
7.224521152615053,68.42631718618806,59.32215701073843,64.09424043205709,Pass
2.807723624408558,93.21791249198185,89.23024981396523,59.36910721642451,Pass
0.2431596643145384,73.66049533457786,18.533017952871443,27.61578945651466,Fail
6.454722959071678,98.40967139573608,7.896916219082861,53.710675298744164,Pass
1.7711067940704894,59.27627578515606,23.95101699095381,31.73499213603814,Fail
9.404585843529143,93.43115839778054,79.45782787001903,95.67222992787714,Pass
9.539285770025874,88.82984263958708,3.4670266726483323,63.55969559834016,Pass
9.148643902204485,88.5460922322026,58.280683508348964,80.42849142442553,Pass
3.7015870025544437,92.23916140584438,99.54375161913099,72.63133559175236,Pass
0.15456616528867428,88.05119954714993,85.56960938375394,56.94666175145228,Pass
9.283185625877254,81.31101608157077,52.14456890435895,65.9349713293649,Pass
4.281841483173143,56.56224388411938,6.364090928664234,32.97176490270117,Fail
9.666548190436696,51.6263089745626,83.13735143857099,80.1517093470842,Pass
9.636199770892528,96.04239239078434,59.89785081772106,91.32726682825604,Pass
8.530094554673601,80.8325157260369,11.493299705956684,59.35861061076145,Pass
2.944488920695857,89.82686454880881,9.38572848233562,32.15897006191739,Fail
3.8509772860192526,74.0761175756275,90.96268194365923,68.01410622969371,Pass
8.511366715168569,55.86540944811972,66.92002629380784,67.7042856391244,Pass
3.1692200515627764,56.259289610127524,82.92867993167555,48.48493777334022,Fail
1.6949274668609249,84.27826436144858,87.89789002822673,55.31082923578017,Pass
5.568012624583502,71.51529474497313,57.17723520483222,59.95718269499636,Pass
9.36154774160781,60.02623633501683,51.74463517550413,67.95372909689645,Pass
6.96029796674973,74.57972733707184,43.042741032099016,52.10010209225482,Pass
5.700611700893649,53.21044685375671,31.69465877911193,52.75930947787085,Pass
0.9717649377076854,79.09857009571994,43.459596085871176,47.02888481170168,Fail
6.150072266991698,63.449670221754886,77.38796557301563,70.10918976309549,Pass
9.900538501042632,89.87795503185941,60.19234310151316,78.93481509205822,Pass
1.4008401523652403,65.51809794617868,89.2523289954846,51.02703102222236,Pass
5.183296523637368,72.76100745409006,44.33800143791877,55.83028218600483,Pass
8.773730719279554,50.58102699540503,60.7089578718754,71.4758902851119,Pass
7.407686177542044,53.62234438972794,63.130755309198875,67.99837706343664,Pass
6.97015740995268,69.62467782033424,59.16971623063255,62.84807886120827,Pass
7.024840839871093,73.99694173585618,70.26337730855164,71.78743685487451,Pass
3.5949115121975517,80.00102740596519,23.74334683748063,47.78936034490015,Fail
2.9359184426449336,64.58312893546517,51.23637775457907,53.76863738832684,Pass
8.093611554785136,84.74909430632712,10.422480280834767,64.44845129441273,Pass
8.101133946791808,93.00611985946023,38.45113276448126,75.78699501122726,Pass
8.670723185801037,88.99254944466749,48.76670686212644,76.42980277488913,Pass
9.132405525564714,51.980941267417855,65.22242595454725,78.7429279948659,Pass
5.113423988609378,74.02534736289145,95.05310525862035,73.22604572068855,Pass
5.015162946871996,55.246508920908745,60.06510665483559,50.34869690934344,Pass
7.9829517896677515,62.10225079312637,74.35939161765597,79.88714973253167,Pass
6.4996393077776515,99.33312966335733,50.626605949520275,74.47599427766902,Pass
7.019668772577034,57.12477714507566,63.41040313763313,62.024009069478375,Pass
7.95792669436101,74.9444076725678,7.093221613377343,54.04553072623137,Pass
8.900053418175663,80.90778671590596,25.439158084184697,68.98717483843366,Pass
3.379951568515358,85.12324852720519,36.185309320513866,52.228297604715074,Pass
3.75582952639944,77.98243417434571,47.249335500651355,53.57931033625291,Pass
0.93981939840869,50.48854237095918,4.564874550238374,21.83184603720845,Fail
5.78280140996174,66.3230654121996,14.002409755331769,55.728635062988275,Pass
0.35942273796742086,75.88558216923558,27.68143077913058,37.865510597553964,Fail
4.655980181324601,54.39332495724167,97.15326909010507,65.04107689582754,Pass
5.426446347075766,67.53134656045904,33.134700710305076,56.61215247336972,Pass
2.865412521282844,51.66015543956833,48.20410581120825,36.25830894272666,Fail
5.9083326056901075,53.928924857751035,19.609771273839293,47.684574511971576,Fail
0.3050024993904943,69.8461638100798,61.07800710757682,49.543793021524515,Fail
0.37348188749214417,56.63578770215302,28.068321551597432,25.81493084913184,Fail
8.226005606596583,78.3770424130779,20.699257843842677,58.38874286036708,Pass
3.601906414112629,84.47324845686329,51.65726284459791,51.986334603923574,Pass
1.2706051265188478,90.02933495545415,0.5505799160420821,26.80822978081232,Fail
5.222432600548044,60.007512212240506,0.7664032649225327,35.198095504702565,Fail
7.699935530986108,58.37412911295349,21.906880910185777,53.03150463793606,Pass
2.1582102749684315,55.228392016720015,3.672136250082114,19.275164484021158,Fail
6.228904758190002,81.82151247718184,10.802575413069137,52.78093706958332,Pass
0.85347464993768,85.32378632434506,33.88606493387516,43.688239846150026,Fail
0.516817211686077,51.5793072412821,80.25856795798128,37.07985050578872,Fail
5.31354631568148,96.81061231218449,57.204864336930086,75.05524787566912,Pass
5.406351216101065,52.59856418257362,51.26677259564164,55.33896634050681,Pass
6.374299014982066,77.06481676505352,29.348882320812166,62.574208713808254,Pass
7.260913337226615,85.45302597254582,93.17537194328163,79.342999954394,Pass
9.758520794625346,93.54845618730428,39.70150412371917,83.28169740714151,Pass
5.163003483011953,85.70434660662139,8.70927667957715,43.51643141593081,Fail
3.2295647294124596,90.08640415348958,61.70665161178013,62.907413151413294,Pass
7.9518619476870365,66.97250962714031,11.38383934766014,56.17354918215594,Pass
2.708322512620742,90.7412556873256,34.52231428016921,51.178617140655334,Pass
4.389714207056361,54.00574231923376,50.74119387178089,43.10496465740558,Fail
0.7845638134226596,94.74083280302638,87.42225246851758,53.3118316237708,Pass
0.2535074341545751,77.37961880768681,49.35465803401187,42.020453880394825,Fail
9.626484146779251,90.86488849812469,70.22587660316643,82.09142609638333,Pass
8.359801205122059,72.615914225915,99.28168389990704,87.32451571873045,Pass
6.95974206093698,82.17888475982625,13.148911989798162,49.60161823633402,Fail
4.089529444142698,76.32013304680567,27.47315255195195,51.736974519531415,Pass
1.7329432007084578,86.5794760877666,39.45760755976464,38.58028132325066,Fail
1.5643704267108605,54.08149910152948,42.18281785388314,37.89827648186484,Fail
2.502428981645953,53.01760419952819,41.102107526554576,41.373784112638646,Fail
5.4922666470612045,62.355161700507324,90.76110025565549,64.42008608294579,Pass
7.145959227000623,57.97723400565942,71.40326444668564,70.30811927912964,Pass
6.601973767177313,93.58917832961009,60.79052140907037,74.02401630698117,Pass
2.7993389694594284,60.960699367902215,30.93727178627821,36.07253794312815,Fail
9.54865280663194,98.79326279095656,82.37903842212947,87.50352817007253,Pass
7.378969166957685,66.84478958855534,95.5060511484989,68.40800043058412,Pass
5.543540525114007,59.10589578443496,82.11982825502265,66.29012954879177,Pass
6.117207462343522,89.48492535712396,0.15651051914729042,43.53724675544518,Fail
4.196000624277899,82.9353887750438,63.6401370183407,61.23338123233349,Pass
2.4773098950115746,74.90978582265694,5.1135381442100725,32.59899568969516,Fail
3.559726786512616,77.76817754688156,25.760722033372186,48.69329089731757,Fail
7.578461104643691,85.96008891361319,5.952470034777169,56.37738460564255,Pass
0.14393488629755868,61.422737066564935,60.37954529493877,35.46918532190588,Fail
1.1607264050691624,99.8166958028371,68.65899134926067,58.84496528734746,Pass
0.4600264202175275,98.73965810733915,11.448763806590511,36.571922400469596,Fail
0.40728802318970136,82.51628431734684,38.38388830449795,39.47998366522613,Fail
8.554605840110073,59.97712254645725,45.6236508955542,68.24499334208636,Pass
7.036578593800237,84.01141212156458,36.90530217609166,56.74346804846229,Pass
4.741738290873252,53.60992044895879,12.102500048519305,42.46462271267135,Fail
0.9783416065100148,51.532625110290304,41.89477901874754,35.00393163481942,Fail
4.916158751168323,62.884144425560685,75.11780478084181,55.981804123711555,Pass
4.734717707805657,73.13114783696582,7.100766453325546,41.78804274993903,Fail
1.7320186991001518,93.41362527041903,8.018001408190345,37.161026361845266,Fail
4.33851649237973,86.3584534883154,35.47712918359842,53.2322568490844,Pass
3.9850473439737346,87.13532605999904,94.1725711618925,72.00185837530508,Pass
6.158500980522165,71.27466672240377,66.85726467229141,73.23041724965313,Pass
6.350936508676438,67.29674962734815,67.86699566725648,71.36170326145128,Pass
0.4530400977204452,68.55193814923014,36.1919990837865,26.674245593629742,Fail
3.746126146264712,99.3824781868029,59.36607912085384,65.7194217288861,Pass
6.258599157142363,52.005459570624126,1.0131184027743378,47.584636618266046,Fail
5.031362585800877,93.35157480612243,63.60960464095422,69.14784678077251,Pass
8.564898411883222,78.93377042861967,91.32869475762368,90.79323532933573,Pass
6.58693631618945,71.93077095947953,61.25734683448192,76.36553283145005,Pass
1.629344270814297,86.26288302075682,87.3698593466345,63.725747524009485,Pass
0.7056874740042984,74.33344707123514,72.39730554660937,48.08851865957919,Fail
6.424192782063156,93.67116190408302,12.055841640369025,62.64031456201201,Pass
0.26511310541621813,95.03509320056293,90.24533072858418,57.36901876589346,Pass
5.8577558127346325,71.08604634367276,6.644384435577488,46.86966770113838,Fail
9.402302414249576,63.841389861752575,53.39674725477638,71.02357961338832,Pass
5.75474177875879,79.61751642966811,14.213712379345766,58.98540255189987,Pass
3.881699262065219,95.61816728083454,1.1706610730904066,40.471302224728355,Fail
6.432882184423532,60.53310945028333,42.2034260127639,64.21432799999887,Pass
4.582528904915167,81.14832917817414,29.504070765415623,54.025156221439445,Pass
5.45616789315935,81.57801100462603,48.6000493797603,53.88155881394359,Pass
9.41464808776525,86.65565112076405,57.71998867345508,82.80953075428384,Pass
3.8610263780077423,56.57838425636299,4.373907230894735,23.229660419950164,Fail
9.611905638239142,85.79124823410443,12.300329512374564,71.00263596105543,Pass
9.053506419560637,95.45162603328205,55.86423964504254,86.03494279668487,Pass
1.9579113478929644,58.984155443512094,34.316735317265824,32.86013284154497,Fail
0.6936130087516545,61.87716624619388,72.9173487549448,43.830545015126134,Fail
1.0077800137742665,98.56975470208198,65.22916485919397,62.94158309223128,Pass
0.18221825651549728,59.04884763547449,84.56043629899068,41.28292468509186,Fail
0.944429607559284,92.71925466847895,69.24928266692253,47.073741695574576,Fail
6.830067734163569,74.61389282240174,42.99310773901481,70.01068811739223,Pass
0.7118864846022899,62.36155372015885,67.29666223944324,51.55794667894376,Pass
3.189756302937613,93.53749506362557,27.538117425541852,49.10018731773992,Fail
8.448753109694545,72.26526275013327,30.63134987782127,69.72131140420633,Pass
0.23271935735825866,75.74086769648451,78.89851599207933,54.030072113656594,Pass
8.144684825889358,67.96166846998828,44.64195164015822,62.64740417390946,Pass
2.8185477477339993,79.64754257174637,79.83803405183525,56.69333480117113,Pass
1.1816482762165625,58.17619362925114,82.24223736682784,53.00649496946362,Pass
6.967371653641506,69.55407683258804,85.75623376612837,82.8876511877235,Pass
6.28942846779884,98.47061611676438,91.66352358412072,85.01236008233265,Pass
8.77472013527053,62.90667163505638,43.098522051329624,62.50136687948764,Pass
7.350710438038858,82.8368332270646,31.886681832113883,73.75520182840619,Pass
8.034809303848485,66.25950321123474,58.21987465941139,66.82819608752797,Pass
2.820345725713065,88.67365628433004,37.117242343762754,47.34296358542284,Fail
1.7743954377972282,56.54368303591749,60.1074166800233,43.804600838419255,Fail
7.506147516408584,98.49105225392724,70.55858626438246,88.51028372470111,Pass
8.06834739267264,72.68947706918196,68.84050184921368,79.00226312897038,Pass
9.905051420006734,61.8025231673232,37.45528870201213,71.47187674263708,Pass
4.126176769114265,53.67483736650063,16.68602016987528,39.92940698796036,Fail
3.720180857927832,58.48789525437704,43.05293384622075,45.560545505107996,Fail
7.764129607419968,75.98869742780089,14.259414408190874,60.92164955306994,Pass
3.4080354025301784,66.85015882156432,89.00970351838083,47.74229992363274,Fail
9.307573256035647,91.44416829413046,34.58774607378574,73.55683003916846,Pass
8.584127518430119,71.5443761830903,15.445974722332378,61.64022501993117,Pass
4.289940273750183,62.435713629381496,2.5447759905750877,30.898837562890176,Fail
7.508710677914974,80.8572493302015,64.58223862864843,75.59830568837266,Pass
7.545428740846823,85.33886084427229,63.69023174547432,73.86808663538066,Pass
1.031238688359326,58.35209539504749,34.060416658129164,40.62608686096775,Fail
9.025529066795666,58.380960814415886,7.171188884765101,63.63285980301124,Pass
5.052523724478571,51.83357134667715,40.9628894895232,45.72000530318358,Fail
8.264574661077416,86.82010075328202,31.12174950633936,67.68666516436262,Pass
3.2004960103061175,83.19022638109026,67.71206397350093,57.70293331955986,Pass
8.955232284962005,73.7315437874907,60.57792494526903,73.85547237887782,Pass
3.892016787341631,92.20852244845986,36.459372819754,55.14356064997132,Pass
0.1083765148029836,90.28350764750266,21.78925542549901,30.26392463667448,Fail
9.053819764192637,79.2677182198376,98.80359661555919,83.98359683270196,Pass
0.9128667678613356,93.41356402566294,45.40016211961149,48.409141034529014,Fail
3.1931363759041487,60.292060501838414,68.82742357802371,54.65603864868429,Pass
9.50061967050805,55.5959809698864,14.055296757836079,54.87628320204898,Pass
9.506071469375561,63.48748057584948,48.55896996593978,76.11499819385203,Pass
5.734378881232861,52.854342804465745,2.7536719869465487,36.462031316528474,Fail
6.318372121697992,76.5584764000516,50.545511791044994,64.67051113431086,Pass
4.4844552197831975,96.83028461474808,96.40174071177023,80.00914854015056,Pass
2.9321077169806453,51.967177033425486,38.420671298580025,38.67672254400566,Fail
3.2866454536991596,56.105495700501336,3.8996012574911587,33.42181546290006,Fail
6.725184560770384,72.60995141417176,3.095579091934353,47.03024917547551,Fail
7.5237452943768,96.69375087639524,38.798675994686946,69.76037632169138,Pass
7.915790437258485,65.80780524883752,16.002493646319405,55.17695426317931,Pass
7.896181427945539,75.36174043441963,2.335209632818591,51.16091899925243,Pass
0.9120610304869037,52.0786429525196,75.62136139501769,41.074374610629896,Fail
4.944203047025814,57.41716004810444,45.85230088818907,43.01455897467258,Fail
0.5755876001664428,99.33150614794235,28.924477197265453,38.32337666851759,Fail
5.495288823237355,98.25593482180227,90.00831830164807,77.03605376313617,Pass
4.41530501373377,50.24699904672048,11.613896020052561,34.938589812490086,Fail
8.877041827582998,97.59058927116195,95.59188289553192,92.25542173098627,Pass
3.5091501255207866,81.95599689077503,31.396671737735282,47.73358009133559,Fail
1.1706701642760586,93.39591472600111,88.84036723086813,61.75077283459532,Pass
1.4299168205283586,72.73699278169295,60.294287647946156,50.00163678166778,Pass
7.615106317174723,75.77980142896251,82.67073597414874,74.74676035539093,Pass
6.182180633162611,74.44232901284602,98.40131632104642,70.56581185587245,Pass
1.0112267612279024,83.34321287730522,28.840543781874572,32.48981198145003,Fail
0.8410680611499743,56.98256273781564,96.1135485407593,46.85709102219774,Fail
7.009691314591199,51.4986794936339,38.94818949024204,53.413219364445034,Pass
0.7276300636419353,65.39649707955954,38.55119047369223,30.24484618955598,Fail
8.218600592903563,85.23403813683234,34.03871042545057,62.17564361904965,Pass
7.062422271564962,60.09267260614742,54.14076073475852,60.239114951160694,Pass
0.8134878064189976,83.67162166624587,15.41450431784871,33.88692212147422,Fail
0.8483771408519192,98.49560230536352,55.37114853580112,52.528681144934886,Pass
9.866395785011754,54.69503578947092,54.1704812410004,69.33812298364681,Pass
3.742707957561203,83.63010591125632,76.190181260487,60.85192887105064,Pass
3.706421470668909,72.18751096522855,83.36499619375856,56.85794648613521,Pass
8.127995672575025,93.40711271887527,44.044135031242405,73.59016116346153,Pass
9.472485773838587,58.857489472369295,30.233324935149376,60.37504424665587,Pass
9.860010638228708,84.63129761130823,25.933489731709447,75.47511782202612,Pass
7.533781852589416,91.90576448240552,19.462383670487192,54.61623939655492,Pass
3.762595855309158,97.23071097370116,5.764758219902488,44.150875817055415,Fail
0.8350071669866876,84.16240141448229,34.244797883471335,40.367725153291545,Fail
7.771469159274368,74.85873820042136,27.024769213078326,62.57010144275989,Pass
5.58404249735805,80.8923620100607,96.64173858664074,89.06156848834512,Pass
4.242220092469763,93.44524922393592,55.77088262500439,63.48272004740068,Pass
9.06354385094736,78.53048733194149,34.72770390305075,65.21135979007707,Pass
1.1119748230615134,51.519352984841845,58.0467600993696,36.84041198206412,Fail
4.926251042908591,96.54743477534889,13.91967013456955,43.96390397727764,Fail
0.11353644767419069,84.47633755157806,44.40437492022029,38.715360785752466,Fail
4.6866064199412625,83.82566928886233,62.62343214210638,58.51587582405187,Pass
0.5630327568183735,60.78375761988586,48.889783179245136,39.731144644813604,Fail
1.1881791626807192,82.94427351163286,40.177880065432426,38.94166135086479,Fail
1.1752624677710488,69.69322028270793,99.38483888996981,54.84063804391128,Pass
6.492103021160636,82.5616488520746,88.0314762148927,73.96856039771072,Pass
7.460448792654233,55.32965151539953,62.34059581594401,73.83712612928666,Pass
5.833687650971596,82.89226523015179,56.93773611822828,63.67753717781084,Pass
9.621725484745419,99.97068628853333,62.06604798245841,96.2607074376752,Pass
3.748705795237041,52.4106019430278,20.131210782243325,40.828125809120834,Fail
2.8571208628186073,98.85870921106587,39.51377432643186,55.35056214920068,Pass
8.685991281894603,70.34539803614354,3.945953289089932,58.87503626173605,Pass
2.235958385194526,93.53767251686295,47.554603748682666,53.24050291152305,Pass
9.632225394406113,89.11927420291367,54.302458395766315,71.9170584605004,Pass
0.12154474689816341,78.3508130493334,22.77497361032096,29.429498014735177,Fail
9.69878826707639,86.92246046256633,96.40288471655137,98.01854647796247,Pass
0.43159911950576113,93.92577806506739,90.9454610937242,56.943282308289994,Pass
8.911431136980712,70.20701608255165,72.21432354559059,71.34617720234763,Pass
5.277011090862999,66.35165807816193,53.33866287653626,56.7531183969741,Pass
9.929647961193004,83.37966927817924,86.99691596476849,99.35209499893381,Pass
0.7379656473539886,90.39229709706294,13.065234382346292,40.22358061091232,Fail
5.538542844013207,88.11425673883079,79.0509794274885,71.99372217911845,Pass
9.69302535619099,89.89068244293173,12.48208139668483,74.24117696193936,Pass
5.230978441701488,71.77916574064665,79.42106625494054,64.45144826364184,Pass
6.293986381352625,90.89171080875107,27.576756825135696,52.19712788144294,Pass
6.957486889846171,56.01045276853042,87.7090581018189,66.3234708798417,Pass
4.545410647677732,77.22445489804248,94.40420938253979,77.4846857174266,Pass
6.275580800840634,50.28793302490608,14.879596940511563,43.282616783841306,Fail
5.843143119231002,66.22929149501351,46.267560506539354,55.90470818051478,Pass
9.01158010490989,68.32307674356989,98.09873781626851,84.47367380621668,Pass
0.4544638034145787,69.80863458046277,48.34074359731466,46.78335161485658,Fail
2.809631895922303,84.7733603344931,86.35475225145451,70.70675593628381,Pass
9.504114840765588,69.42790506351729,58.87315221313199,87.6006777132978,Pass
8.902637838909163,72.43468113112652,37.53299079196019,67.80562688056241,Pass
4.55656752785713,61.87720654371637,28.57835555258702,46.84106118405501,Fail
6.201325978015367,68.662589581467,20.322309108608728,43.91756077198023,Fail
2.7738118298113266,61.363481363157575,76.17981913776973,59.74290960011487,Pass
1.881211597237613,53.659796188422185,38.65405068230279,29.380102693828263,Fail
4.636984049399821,80.17242966906889,51.12754622007512,59.021806783155625,Pass
3.533522280260528,83.41063992775082,49.23254800011819,48.440532861238594,Fail
5.836561118508721,80.97451730048073,57.727902923313124,62.012636407479555,Pass
0.7773463696498484,73.17470219002863,86.55771456245522,46.84279834909604,Fail
9.743948076661665,68.98928900896149,98.07393435834294,86.05538301345891,Pass
9.86210744479603,93.16668247859127,40.758420857381694,76.93034726423112,Pass
6.981617140197452,75.9540892568109,82.7518922106303,72.7969190263968,Pass
5.360963663441204,73.95909388148655,76.45277946547176,70.73408621675384,Pass
3.0952761628632777,51.282103290321785,57.352895145557326,39.44729021690425,Fail
8.137950197069486,67.06239138130782,95.60471436119332,82.45463964609762,Pass
6.847311725538793,69.00978093929285,20.04745155284028,60.196212411322904,Pass
1.626169393448913,69.94113904484502,10.92642103096214,28.198963773970817,Fail
9.109271844938425,79.00861846136661,85.39619669554222,82.16893747308833,Pass
8.22537242923169,76.68012733634393,43.91498166337483,67.92739929094114,Pass
9.49799913291924,80.39525463967223,84.69688542070605,93.418264591594,Pass
7.2571950838836,88.2441630771064,89.30902051954149,83.26527356929556,Pass
6.134151959357899,90.64928693580467,6.245759361907144,50.94905025370715,Pass
4.182430362906189,85.90615381132471,88.34647629860606,71.42489374054419,Pass
9.327284833540133,97.77618479774674,44.831905536942216,74.5801056853851,Pass
8.660638895004084,50.91162913381808,51.04324890042322,68.63581654250346,Pass
0.45218670106189407,59.788899284177305,62.659251109321026,40.586228460805906,Fail
0.26366974497252005,50.37814374890711,92.63826067300867,42.420557950770394,Fail
3.7646336687804958,82.37373570773015,1.911609442976403,36.15120922809779,Fail
8.105533307818328,94.90152744749935,47.68434683178171,70.76449090364035,Pass
9.872761293149445,62.174114828814965,68.77220424305607,81.44902757588864,Pass
1.5041689110352818,96.35172723981533,72.27069576982285,62.748305059477886,Pass
5.941307153521351,53.01336951447804,69.2532431537108,57.25867367939808,Pass
3.8089085663102153,96.72180134027572,13.443512940812186,50.57716206732466,Pass
9.699143978146033,67.58113436198173,29.93955883716812,57.61764877931874,Pass
8.421189231357086,55.07104142246082,35.87155254170135,58.044446461391004,Pass
8.383287047111379,74.29358795931628,80.4437207679505,79.79904614227102,Pass
4.686931597949703,62.8388283860254,27.875987241455302,41.41375399513385,Fail
4.148195023376652,64.24364509809614,21.070496386720315,37.504490665003566,Fail
2.7340707193070624,65.36449824631433,95.74480190380962,55.930175139921005,Pass
0.5637549665092711,90.15129489163317,0.88632851134689,31.02727052856297,Fail
8.647223762550531,76.95806383376272,99.78208556819781,86.67429477875842,Pass
8.129010091300776,65.56538495780018,67.68212988573956,61.29913865164016,Pass
9.997176732861305,80.51668916554593,82.84692994491171,78.39429190140719,Pass
9.966368370739055,85.80753371115968,29.461939634619316,71.41198959740403,Pass
5.5543170560262745,63.63120003667669,1.4315277667059978,44.024519495387665,Fail
7.689874151805105,70.67745507626758,73.78695185615301,60.36129447332041,Pass
9.44765729882428,56.09430466684738,83.41445970006758,77.14460762461347,Pass
8.496473906774115,59.05746747673402,74.04761319535191,71.28618054613514,Pass
2.4734810174319763,84.05589269824914,14.285028730083859,46.337889389270046,Fail
4.505441353100935,59.071917384781344,75.34279222569691,56.4210692369829,Pass
1.2915941515149498,76.258169183353,76.8922782107641,53.02645574799957,Pass
9.540510272587223,85.45231308612163,65.85405156700548,84.26023618672434,Pass
6.0617463445088005,55.34384615473719,76.61159327955862,53.18078480928794,Pass
2.2864280550346274,78.36561098144517,84.59214396777321,61.874074788062714,Pass
6.7170068440585675,62.82813918506819,61.360411423745845,65.20157508615992,Pass
6.181282404578958,98.146343761879,8.860471396967906,59.36851736434285,Pass
3.5816271803284048,74.17728233599624,48.76278096672109,70.83971624431044,Pass
1.1355759219962902,90.2996274887579,7.764933467160507,23.54110727726774,Fail
6.715731955927996,77.51132710781309,40.75430310324308,70.96610013583438,Pass
5.2030770090379335,52.170626642740956,40.71064891256276,47.23945310574107,Fail
7.723183917356393,81.65756877970111,6.600984414024158,58.8069461495582,Pass
5.201635011119934,97.57016711033285,34.88205339694793,60.31464497015776,Pass
8.5218150031854,80.08059100731656,11.099809879131485,59.3201986116858,Pass
5.519068387744856,90.95944297133951,80.82352100092221,70.76199810146414,Pass
5.609379715353863,94.2103231674204,94.76880259644707,80.77880026844073,Pass
8.76653602658345,61.40398859744663,7.231647525793861,48.07096645994756,Fail
4.034828662123971,60.60224199541133,95.51152072917014,66.72633930347916,Pass
1.3401522845064073,80.54904944254959,52.25765993367452,43.12164992646659,Fail
0.28782676313338973,70.55142349033524,29.95656779538739,25.65335774304856,Fail
7.55137255673619,91.99306514333603,7.686207527616351,57.85920773825141,Pass
6.203095513534647,95.00115616990055,50.06242680704178,74.61720303153415,Pass
7.0407976809922355,67.6710689651359,79.45155444907486,69.62330231315104,Pass
2.129641615089107,61.8435279487241,70.70864772666981,50.0764872540227,Pass
1.3637147558676976,89.0262757621931,5.022601146397376,30.01474071747056,Fail
0.14544665667881929,63.740301777406806,7.290183536790352,25.680541470592527,Fail
3.5058755880659698,91.13071592568392,40.28732826326371,56.87645430289919,Pass
5.899176868546331,71.18691268243813,29.52904940479433,63.054540266837115,Pass
3.922440450997323,83.37749496457351,23.238432305604782,46.7967202575467,Fail
4.374749220237291,54.77676569173341,28.10044989087136,45.70543557952013,Fail
9.041586944937483,81.19296623382866,80.34827432968846,85.1190576464998,Pass
3.4825546702330037,72.58838393686145,92.92280536318539,70.06293438026114,Pass
5.139894891598108,79.3304231587737,40.510269452756646,52.917625411807876,Pass
7.8365301274114305,58.40071038724317,90.61110021324971,79.77469025418,Pass
3.9654278232127016,86.8436872472091,32.1495701247882,50.58620202386658,Pass
6.220867002278735,93.13985387716143,47.64369863437916,66.79759287703463,Pass
8.623637087467452,60.836990004538784,22.602899781599973,59.9852777079533,Pass
9.495206236576422,54.78572777600809,64.0476042175844,74.89202652651682,Pass
1.4707348092903794,51.18192930231682,97.89811151748088,50.02580626749103,Pass
9.265876251614944,82.0985750221633,60.34930960433786,80.87143631026275,Pass
4.921162930795382,80.35470180443903,35.78140841135489,62.416075075730625,Pass
2.5824438829895833,77.33487063570351,64.78174459905284,57.89200853046133,Pass
4.591357562382613,61.59735480579877,12.292067846538757,44.87803000771619,Fail
9.800325752854771,69.54529979527574,88.86590802653987,84.44696772784442,Pass
4.926180939928696,79.72381675930865,50.30839507798363,54.268183169760846,Pass
3.287516102875082,74.83834294295846,44.93497420396421,53.858562346765886,Pass
6.334008543167258,99.38927601074437,58.58647884535192,77.10899459214689,Pass
2.401456187781931,56.821987627836656,62.47838627894025,52.759290301915705,Pass
0.7586332810866392,84.75722770237968,7.177580622651303,27.5950724920097,Fail
1.2887972191064923,70.21593840521462,68.26172212234025,45.550743757890686,Fail
1.2804583895777244,71.40998074628074,24.193168031552958,25.605357379033833,Fail
1.5190269351229435,85.87988828290881,71.39526325065899,51.296297670257744,Pass
1.3882717264941014,84.62180756621848,82.25347943841967,60.59852556026509,Pass
6.4087474480321465,99.56279968510941,80.39585075525203,77.29010802809604,Pass
1.8188008439914483,56.41971447270626,55.25009674078891,43.97854571601846,Fail
3.456672833238632,55.20548246920832,52.016989231075115,45.0409173130505,Fail
8.967884099060118,86.21694085643705,14.287596133941172,67.64318263446174,Pass
4.739616402628723,78.91934585032045,77.53461504031355,60.156196928626755,Pass
6.675577385210271,63.70803332799029,27.140938044671437,54.38304820080911,Pass
1.7231987120162984,53.97096844944933,49.669542281794655,23.029268212934774,Fail
1.9228901880867078,54.282912479821526,28.42740929275167,31.57017649330886,Fail
0.40868616266478863,94.70954373320592,13.382836299969314,25.910092442036024,Fail
1.6893506307216455,59.59336623593715,62.95576968917366,49.5521158831539,Fail
2.7859033903195862,66.16857810577604,5.4332034822903825,36.51118480152083,Fail
1.7701048427674682,61.3328201113494,74.86452341262,50.272977338091096,Pass
0.8870253375705561,67.74981529159686,31.758679526111667,41.00568093139168,Fail
1.206358711006008,53.47119213730467,0.013469300448532007,16.126250671225808,Fail
4.607787680327258,75.95298954541352,51.11291392372298,65.28773775162777,Pass
2.063337184057925,53.380628179610746,4.6851908527603126,30.33405226724494,Fail
3.6426986104807546,90.01782539111808,27.616955782089946,48.678452357790704,Fail
5.034172708548569,61.685604095521654,70.69764874557161,65.52976742243698,Pass
6.903948286293653,77.00059573022553,6.268962162186586,47.065192950840085,Fail
0.39312139841098936,94.0039543780729,83.93384923560023,50.831255870107526,Pass
7.994103989090426,82.5438684523597,0.3819922658583108,53.81122555562861,Pass
6.279003894909078,76.64788932756676,24.682386920190226,52.87020991364333,Pass
0.8175903194887191,66.21668765576878,74.09040561520715,40.07970104544639,Fail
8.735786241067773,66.6500956529099,31.627014972930677,70.54169348749988,Pass
9.208724005318132,83.4743477599095,10.189238806601352,63.63969998937663,Pass
0.6107795985486375,99.70696806105838,36.02339188004279,44.9247512183093,Fail
2.7687764814720373,83.09195949246893,27.039328638452552,41.26273553309619,Fail
8.062012797930613,77.88917086850125,84.27119021605549,71.79314301434688,Pass
7.482596903836583,86.5325255119623,31.334791758514314,66.64086958844644,Pass
1.8452101935637732,73.26028061418592,78.89324717760073,43.4656242346922,Fail
2.093493233367103,53.00711713003926,89.18721448107347,50.68910218637489,Pass
3.70472102791382,78.1148407938955,43.381741957652956,44.42628374295576,Fail
4.845229851910213,97.881264225269,90.9943143854392,85.97997298700736,Pass
6.1825477153029595,58.76514711788298,37.73180539631929,58.23609022634613,Pass
3.689136395697724,84.50024454103328,96.40784164901082,69.55774039616152,Pass
4.625347161331479,60.04668443295282,8.928952452557294,45.5126130992523,Fail
7.474709381337565,76.79138422365406,68.70192665032427,69.31525090021509,Pass
0.366832028905979,54.83382248233598,49.38140404569287,35.44929296738304,Fail
2.5243694434402073,72.51854681290925,38.76488054556471,44.48155814989658,Fail
7.133495858845524,87.8081664447623,63.27118787486009,75.17789013793717,Pass
8.952068376871994,67.37857621194911,70.38570916343312,83.4993266206365,Pass
5.116774421156661,83.24558622436089,0.43632696503090873,49.2341321553432,Fail
5.321134852653157,89.77249803948646,16.69530887471987,54.66849979899965,Pass
1.0717201133977605,96.35889097397263,71.30460506343186,46.311492083670906,Fail
4.474123668234546,61.73210409277267,66.63854135782064,51.607456831718864,Pass
5.326172664550231,69.9657957904654,96.60475051286772,70.66230988122224,Pass
2.4247050363472966,57.62080066652087,76.1037790250783,50.283055924252196,Pass
2.6924323094938094,99.62417510791876,95.0772707731338,63.52914437892139,Pass
3.7728416310462265,96.35004839621476,70.25405015348069,77.13097946698565,Pass
0.20071197777726368,76.99785651402797,29.805220863944314,40.4257414007686,Fail
3.220791655831783,92.10166471882107,10.536492225085647,46.68520530846157,Fail
2.1144800699654462,76.04789886360211,78.18238633449356,55.08719014570921,Pass
3.2749735217791462,81.17928440013799,64.4149221475916,55.717111201929704,Pass
1.1976213181925122,54.456221605800835,4.818601239329623,17.813339826198003,Fail
8.90527280739895,87.7635210248404,36.005046590097834,73.13906410667158,Pass
5.935924535540487,56.38567418176174,95.67998154842861,70.65215756193281,Pass
6.791023191444896,91.30338151262642,50.04011457102012,63.35833871346543,Pass
7.891712386073383,89.1014043835193,43.272913601970465,72.95002702616495,Pass
4.984421989290572,85.43723488714882,45.7699605159294,58.52355133396201,Pass
0.8692028808742369,51.80801902623811,20.88827240051637,15.746661162136336,Fail
5.371065418185478,65.15641779726643,36.87071708647952,47.7904770839682,Fail
5.868411180208791,63.155628495542146,36.98132559871766,51.44670328200488,Pass
7.4543947418433,68.00682037357595,5.2355020187472405,61.228713971771114,Pass
4.316595462296794,54.382137338191924,76.75676285179182,59.39081752885109,Pass
1.2758030279556376,96.84789115155314,41.6504431903879,39.9753045689054,Fail
2.8377590579872445,77.69011203561881,82.21798868164232,61.753647894215504,Pass
3.630822963986351,65.27621553290118,85.03480011198954,51.88007660472079,Pass
6.459172413316012,69.84907585371417,21.199405469865805,58.56468931977341,Pass
5.707783046689119,72.36012702524178,65.73534821701286,61.90415150034348,Pass
3.5609672589784624,80.02971666803086,47.22818041629817,51.9530572175167,Pass
9.865152487929796,75.7839713848249,88.0156737921485,95.22948674252216,Pass
6.057748193568871,95.96959866072086,21.57406791764541,53.05827490486412,Pass
2.372267917359945,74.84817414529151,67.78132003100443,45.292328996763594,Fail
1.0178247262040374,99.60790074116564,60.775212225272256,49.268236163017484,Fail
1.5285913918433203,92.57124788725478,29.53014775718328,47.93667851580128,Fail
2.459577283845081,60.42552571786679,13.660090365117261,24.467263582891327,Fail
1.6068137325955567,96.52976073219581,65.16397604772766,40.77459797380642,Fail
1.8656702405130576,55.818319894273806,73.85974581323308,44.110306382259296,Fail
2.850951686938471,90.87248542455958,31.562734376335,50.893076687576865,Pass
1.7337359529475482,69.03116467382901,64.48326040223138,52.99058008330245,Pass
8.967654246264251,93.89871602225347,39.51309076115032,73.57835220965116,Pass
0.8023374566164221,93.40283450537251,71.32068832826177,50.569273640975965,Pass
5.245113895702547,90.29627000588106,19.92152748940531,59.81529850267483,Pass
4.103968269896615,89.50152181535307,89.02150026361744,60.62407120480051,Pass
9.823786169086064,65.23395695490204,28.74095964655797,65.54501578086722,Pass
1.1203890216805235,54.04596415256261,36.77859877561529,32.68104441480075,Fail
3.9785559904574166,70.14900893825808,5.8091952080349785,40.94777881214275,Fail
9.69470433275369,58.67622574932543,11.15122123212764,57.17801795949626,Pass
8.655071258939802,84.74755444512309,51.58619027123281,75.69261350919517,Pass
8.1707207094928,67.30498632688928,26.75926767279715,48.46052227081218,Fail
2.579028270449398,98.78051004299574,83.54802257421944,61.7234308052929,Pass
1.7088758739006582,82.04860386726659,1.4693388654953843,34.15842987820356,Fail
6.68643219924431,91.12402818171805,37.90940486719362,60.54428854037733,Pass
9.293759891275858,56.62623363709242,33.73455467690927,64.57819716725193,Pass
5.567628930139298,93.10072411363113,1.9327630917601035,53.01492438618805,Pass
5.7161268946989985,96.13785952566971,12.436839900051023,53.72417140222339,Pass
2.7997909366028417,74.35309594094679,41.36426749186353,46.766691631237315,Fail
7.694929331919369,80.31264688754888,49.28645844474466,64.84578610094248,Pass
1.8704374855752337,88.24049004514977,40.42897472548691,45.0495329750117,Fail
3.2367923640424365,58.741931363020626,53.093767841209385,49.54896006538486,Fail
4.254364386164168,75.12830382317212,59.51316749056815,58.194763743620925,Pass
5.07610378684455,69.93315138861566,0.992382112783563,38.64941884997828,Fail
2.4240973241508024,57.31869960811245,46.409515945350385,41.93593598409603,Fail
1.1483682473920354,68.37672111457657,96.34992408875883,57.584515503751845,Pass
6.1062004244163255,53.40861546927468,51.90322801295487,45.76864834944677,Fail
2.8863055324025577,51.29059534747435,67.75422674589532,53.05403908240062,Pass
5.812382214226123,56.758314457741136,31.18638579168832,47.95166523832796,Fail
1.5436271527420231,98.15575557945868,77.39913781527625,60.968426295589715,Pass
4.811401018548175,77.47647679475085,77.2921481876115,71.66242618712754,Pass
5.325894325515859,98.291108057661,52.129604765413895,59.57142266283357,Pass
0.5182353682242691,71.62489391650661,97.60138232792136,49.29361933408773,Fail
3.366042781939206,65.59080665426298,12.555021476265338,35.4651760875368,Fail
1.3441467693897424,75.3070931420122,1.6947664889580993,24.55837736122792,Fail
0.6337497047276774,71.9755844316455,77.0158211757096,55.90710338030128,Pass
9.899602323899453,55.2832342130872,80.71555373648826,76.11418521133648,Pass
3.2235384497472297,82.0413157345103,12.020722912057625,38.335031495524966,Fail
8.09874445854635,60.80190912547998,26.55828329586061,59.62498071860246,Pass
2.5464065476376385,80.97939774489149,1.755236336662891,28.995268784636423,Fail
6.8150272222392925,82.51005461990766,29.33086107805647,58.833980039565084,Pass
7.6022785988968655,57.601242656432404,77.31418739186715,72.47100971632821,Pass
5.956387406078443,53.06748135553341,51.79605277125789,53.620307840438606,Pass
4.715761885501584,89.038079303422,34.80955931682881,55.55040483358183,Pass
4.118409141472686,72.99002118846602,37.17392949063303,46.8761612073786,Fail
3.4886826654299528,52.90818977527379,0.1353625715468154,22.295444819862155,Fail
9.29529144247826,99.74331585848836,29.98005275652359,77.70614241111282,Pass
8.306194077877292,52.88902804981833,64.64587416379305,77.2599123338288,Pass
9.650269106665126,84.75176144292766,97.41944438163571,93.34444632794671,Pass
1.2429722348554473,99.18394626317068,84.70608269838995,61.26521821412772,Pass
7.308674752036443,61.95900521079628,2.3594964645529126,51.993863286334836,Pass
9.383404568210379,57.11246843435981,89.85606046748393,75.27752446066114,Pass
1.8123306616566015,56.069246971121444,78.3198413298626,56.07862242756965,Pass
0.664962673667775,65.16375737837978,78.03761235709804,46.63190559742846,Fail
7.4112064929005905,55.052290550532334,45.79957590035715,68.05967040231475,Pass
5.744731131799119,84.60806708470659,39.80052929545028,56.636338463623595,Pass
8.41828776758272,53.114589906503134,30.29157288331926,67.78530952006672,Pass
1.397723766262895,75.47110640748949,6.569485895436578,34.07885022610331,Fail
7.952673118598902,99.83484269264883,22.82353634936991,71.37340661626303,Pass
2.0162732004774453,90.69851347530094,24.66036349780246,43.84287816560654,Fail
1.636559428657045,80.76097191155054,48.40770697102016,44.05419828902714,Fail
1.6426579793099294,65.31268103933058,74.7444406596694,54.590426719309065,Pass
8.14574720231382,81.19479181458192,47.38098283979466,71.85752055480849,Pass
6.651972206962001,76.35207319558258,5.784444944716061,41.41349575200183,Fail
5.230654247691193,71.30416919451858,95.77898009882038,65.46162947023146,Pass
3.5883048412350247,56.535518837009974,94.27243190941122,58.66637582790272,Pass
8.772005408131083,94.33021076202334,78.51895431484084,88.49276607141137,Pass
3.924451074226354,72.48923244106612,99.13279015642206,66.90146863165238,Pass
8.16599439471577,59.73112559103825,54.448233280026294,73.01263918915076,Pass
4.391349085702184,68.38796754386448,96.27683502532061,57.20932779337113,Pass
3.769444294249076,70.70648762644635,7.560504061675077,39.27581436595853,Fail
4.626797856696064,91.37689477834371,36.568074826137135,47.800786181192734,Fail
3.0137787416414206,86.6807190280701,22.538126800676583,48.619330192610526,Fail
7.476093801762511,88.46524468206698,19.583308413427,61.846647563488226,Pass
5.027203900924792,50.55156322143236,14.08029488926761,41.59642289702974,Fail
2.322126951468173,70.80769990898807,62.241364156599666,44.883812222600184,Fail
8.995745732745684,74.06720758176618,78.1321855747305,88.04012553622049,Pass
3.8389122137321143,50.95961384115284,57.82983994203607,53.201108310179386,Pass
5.435528611139886,62.99066043725171,14.696270958820968,47.96591537844079,Fail
9.06472110964547,88.01449115610674,81.11237699334708,86.34935864910082,Pass
6.242379959139921,56.855485286449955,63.59547071637285,64.00409306388218,Pass
1.1689804070836407,76.76550657262959,38.81657061269955,35.81608194399656,Fail
9.398321236134752,60.76009360086188,67.4130295536063,80.32300018598302,Pass
6.277080530714178,50.60603873219466,25.990497924283286,56.3346875914197,Pass
3.3490561465708613,62.06007287997707,34.51922084942105,47.723065504998814,Fail
1.3927207266338726,98.7936877455027,91.74858431319902,59.08555217510896,Pass
7.9402518927029595,90.07685559414948,29.05045056714204,69.30628600556481,Pass
6.200727559285135,97.97883221605167,46.99882681579366,61.8305002279009,Pass
5.334610919763215,74.39270219631813,89.01411373960147,73.22244001570711,Pass
8.938925830509577,55.48680993387518,70.77213502675275,75.88640387453938,Pass
7.885972112245307,77.39797444868465,6.220322616470275,47.28029587086689,Fail
1.5167487973275118,72.71886672799805,14.730304427897034,26.49282731651675,Fail
3.1172206779554825,92.2178541369808,0.7841590771916818,38.95379219235484,Fail
2.4848913981446574,54.90412903921223,63.09217902291634,43.834159275513066,Fail
7.43946292572677,74.4120568510889,44.767342541041835,59.46428684345227,Pass
0.3353243473577938,57.50243323469921,13.427485090227552,24.56516653367012,Fail
5.698896848713165,66.23379634450299,95.79341210567705,72.66111797460923,Pass
7.624586857406905,86.86785386938999,52.96597239456199,71.47714964892063,Pass
8.767656367617494,73.80090646843833,24.189329411288917,60.68873873359633,Pass
3.4208174871590744,68.79441425728847,50.06035711547076,54.58323699254688,Pass
8.212573046720129,69.72381392850177,67.96203327351078,82.43308191292576,Pass
1.1063173695520723,72.97233842029934,7.623921797356448,26.18634012427234,Fail
8.464522917345182,89.25082719185284,27.4703815047892,65.81361969259923,Pass
1.2748866233198242,94.60423444701172,80.69654908839937,60.1458198809626,Pass
3.9728729056036727,97.76673432519641,45.966487040266124,57.221311133318515,Pass
7.972953657795536,89.34516931276475,54.65771420322949,74.39569368266424,Pass
1.4991742734877378,65.77034478740063,43.28160022094693,42.41054635507857,Fail
2.2925139523264146,84.4067353043271,4.389994264300512,26.262294242357484,Fail
7.222525683930662,71.8801562027696,16.574977982015593,62.01815461542155,Pass
7.200365365460744,62.73353110230256,44.554163874189086,61.35117257643717,Pass
6.411476328852973,92.04357897129613,20.918546540792782,57.47707724622766,Pass
6.939484444671001,51.92131744811625,4.997902865967873,44.38753310180199,Fail
5.427244433475962,95.08809960677118,84.36496640518237,75.3570443125925,Pass
2.5179905890695276,73.0738732312367,98.11925291641158,52.773893683347964,Pass
3.4569599350391944,81.86007384041402,79.31428739967394,69.65483924944935,Pass
1.8159771680142567,82.96769611028913,85.3784921704667,57.97439331763687,Pass
9.084505613336283,94.75588703532682,24.197713031704538,74.2391131256914,Pass
5.833917947661204,81.83348410836037,96.06269755131997,81.46227514141913,Pass
4.008514167636399,80.69667923800309,19.692570445342838,41.04501928774788,Fail
4.620058036441327,53.3326020280345,95.14298103618323,65.39026656020677,Pass
9.472833396118153,75.9204010972602,99.4819293965951,89.17382727813524,Pass
1.533514031160802,57.50845004085208,71.17228057460487,48.97212918536277,Fail
5.862298320167972,86.87168843607428,98.1143731791822,68.30887466349137,Pass
5.05888678884466,75.61109604063373,56.95397795671037,59.50959785337552,Pass
6.1145423543464785,84.01138896041766,25.954178317609035,54.43373632187412,Pass
0.18110183820840509,52.083645030119214,43.699588566562085,31.620692185008785,Fail
8.721239089441514,54.23960080229016,59.35609353787859,71.3138855966577,Pass
9.321182824836123,85.81616940313411,7.308156202701499,61.68389950698505,Pass
5.65133183589209,53.60421679993367,62.234326461724606,53.79602100118562,Pass
6.966508238768922,53.56283638826293,98.11778367622945,72.81689213163676,Pass
9.224993811772958,50.605423761744376,19.010764978372762,53.30162073255093,Pass
7.072386343133986,97.82506991497401,79.25951162883833,85.62483831294027,Pass
1.5253904291426135,86.87541797295034,90.78987937796194,57.55511491960691,Pass
5.762883601668132,67.66257042510321,94.37015928202209,57.12641222220191,Pass
6.067150463828559,64.82677906438276,96.01356044054472,70.64659342368346,Pass
4.24130671302386,67.48516148729247,52.14596387214719,47.66184535570748,Fail
7.3644423562472285,88.73267655905909,97.73079079915037,77.24043055514701,Pass
9.343670147690148,83.06853055352072,75.73102071344388,78.8274127797371,Pass
9.255685129067764,59.259778393373395,16.16714362369619,60.19785948055678,Pass
4.508393714041321,58.70546676670422,47.690010646797,56.5954222214568,Pass
1.1323804584075525,54.91978248566986,71.8331175372004,44.121314209816184,Fail
9.848411989623346,83.0151359850669,24.734031581908333,68.68588128750726,Pass
8.388980864459342,88.2186331110868,64.06151835488873,81.51948987348355,Pass
1.2466268120326685,63.2523214162502,66.66004790466192,41.66476649330935,Fail
9.208418826173723,51.047248051545644,16.26997438085659,53.555840188599845,Pass
8.698963620621283,54.10858337382137,56.50853124527563,62.209175527049304,Pass
5.188380571260721,98.39300174225153,77.16269109786077,64.66108610331798,Pass
5.912754357449293,64.77223887387102,49.88956645359419,56.099940495239515,Pass
3.9900270387013026,88.46115739190668,1.2103116776107425,43.6518163252611,Fail
0.5476163882203133,81.23317844271318,0.9038469079292177,26.348454807999524,Fail
3.3519724164590095,69.09698198264479,35.702934397001215,42.76802993999304,Fail
8.028534485980114,60.28436310977776,92.6194068431782,73.25653862632335,Pass
0.04632023004602859,56.06932090797032,22.867677960360876,26.90761153910832,Fail
3.334991716911442,80.75064840194332,63.43636888716871,50.010412454646456,Pass
3.9816869359094333,88.7316890318894,22.207587069332057,53.08867014322155,Pass
5.373956029379229,82.19521267705653,32.16699896595486,50.79340251578671,Pass
9.198556164127606,76.51510666245792,84.8042089601484,81.42784315652715,Pass
3.4634599436596125,52.097561171581816,72.88614422699469,44.01502544113301,Fail
3.469532018962277,98.42443887971919,9.539927731321063,43.760427324733,Fail
7.3750124810974835,89.93570958272872,42.87020209864336,74.21838572119145,Pass
4.522179408898071,64.64110183504823,2.916976364526447,40.93428153768447,Fail
2.2460482293998196,98.99851646794252,48.0890146603009,58.00256281621248,Pass
4.524395161326934,80.09407948181611,66.24340117010681,64.6095375705543,Pass
1.4085702037979986,79.12113291036232,11.850262359815156,27.40735025359339,Fail
1.763869865062233,87.4036589714766,28.888493890916568,40.28917919732909,Fail
4.983677727394797,90.58848940450687,39.783662550215695,55.14536085040864,Pass
4.189254495045479,82.82393036657513,91.95310246560497,75.84300235003114,Pass
9.148459010681,56.40478731831,99.32550154229641,77.32897946877436,Pass
3.623938991166331,66.91337529972492,4.491129899561585,40.38559597139683,Fail
5.805883502780435,96.40418201630249,76.1007923495392,79.4397956714181,Pass
6.322642879195303,61.230780592192595,37.17240664023432,63.95962869508972,Pass
0.13094456588333636,68.60835119187567,39.245818622948,30.831596244832955,Fail
6.635373720167106,71.6038441472098,75.42649733470228,74.21220812314286,Pass
1.7803596686975143,71.97024948472261,91.84264321454087,67.67356566726332,Pass
9.610703174694551,80.64697912472627,95.09285945025483,88.07655588660405,Pass
1.4866272775311296,97.15379188723537,57.712258603832076,44.731123019782956,Fail
4.146241237270237,62.034635591625246,35.71211593005028,36.50894023604479,Fail
0.8534966807864386,56.0750688150459,78.75490858587793,47.426540087729556,Fail
9.968742518459473,59.873524492996864,25.100138326230027,55.95131787931304,Pass
5.021950103312426,94.34624501046348,56.40740288335178,63.452299516704656,Pass
5.953850173200438,82.2905406327603,35.85784615248732,61.44648266357085,Pass
0.6707647738842748,64.29533946195801,65.66310737078761,42.59647082951035,Fail
7.499604703991778,90.79734694843086,24.03989128935069,66.57681460822245,Pass
2.0990559309558576,93.0684998181718,19.159294573482576,43.176011320324015,Fail
8.980542894407137,92.3257169345139,91.8239086675437,97.5613883248128,Pass
2.0513964048200717,95.94632668197772,10.18036829495369,35.282012208665726,Fail
1.9068772066366657,62.612051008668075,50.595790773493164,38.20488566890238,Fail
0.3654966784809488,87.75209643731392,22.085278296300892,30.549901907654117,Fail
4.720669451099992,73.026974863707,3.892996332566745,46.10962822259514,Fail
5.648411332626164,92.09992764450308,3.601881829142639,55.80618111457369,Pass
0.6570863942835237,86.42453385808065,17.522177210582733,36.06848549432564,Fail
7.755276166950106,88.82237232498623,86.67703545060003,89.58839533492593,Pass
4.532888347480276,82.80809188405357,28.247874397702667,45.55813893756608,Fail
5.243902693275801,58.87143847348534,95.04591705752958,75.48693799016337,Pass
4.407627469382281,77.25134594484692,58.16222929891936,65.8707755592203,Pass
4.00763060875326,99.23348697622541,43.66141897687661,62.577104207172376,Pass
5.596403313082179,96.86940332485594,58.00888346694546,77.75809383372443,Pass
1.552402459307125,52.158686789850584,51.669838522626776,29.075051392582836,Fail
1.8192813049527112,58.24074078647186,75.87762537573252,44.8903943871589,Fail
8.617856210135173,56.58643867272809,28.249606597285226,56.24572111813493,Pass
9.461154621336327,86.29899549926478,35.30503916003024,77.93322550192053,Pass
3.7330931627975295,90.88926649284726,89.40943025332507,63.77127797703109,Pass
2.707446731435538,60.675568315533596,94.64565131504055,61.21362856160182,Pass
6.439995432390157,75.29263464759146,89.25582274864745,81.97719966841586,Pass
4.087341710980964,92.03515140056,41.94479939573136,60.01936658323126,Pass
0.2538635566034486,86.64007723831253,78.03655030068816,51.83719760642151,Pass
1.5615259736619036,77.11186027459242,47.63357333010988,38.730367271554556,Fail
7.159722288473976,79.51738452293864,49.75398521461022,63.18604524453373,Pass
6.589239419101514,75.418027345814,20.468010905728395,61.37086367835211,Pass
0.2709599250348349,64.87742256594103,59.113030325851646,42.17772058720381,Fail
2.219721619329494,78.2510996429508,18.613589775334795,37.74319570591594,Fail
2.310747965880714,84.44426510250453,33.15646990671938,42.43366463746057,Fail
6.718927435987284,93.66614579304039,85.50302016199352,70.49742016490242,Pass
0.19710537754364155,81.8145676989624,20.707580921085523,26.190804002766747,Fail
1.0410858198457384,88.0560768521579,7.115828517343282,42.27301032593192,Fail
7.999160853731894,58.003581747728646,6.90075926128163,45.06566786261833,Fail
1.7854466205433361,73.07787372098949,94.07845205031079,58.23608331966883,Pass
6.527461078518747,50.46658099135467,50.69204379618346,61.49465161631242,Pass
2.381827810467265,62.33394322608115,40.941207181701834,34.23524302419249,Fail
0.9944139275934516,86.32308575565024,81.08785810079185,55.12449124121185,Pass
2.4317219099945406,99.59049756746816,83.5825927910516,69.36839243508737,Pass
7.2226693185565916,54.958904979360796,33.21910331156046,55.406576371038994,Pass
8.556964681062858,70.07471579306441,69.36180574737952,90.40083046471845,Pass
8.302198645669916,90.00354843495798,77.11228158518865,75.00054729433268,Pass
3.9718352961845484,60.20178173144494,65.46506868659546,58.88103895956971,Pass
6.680851365706461,77.7542474651143,15.159507480009937,53.733523259380796,Pass
2.0498429541582097,86.65356480148374,87.5883083517057,64.33153453677305,Pass
2.9314773026101326,80.79927251300896,53.90945527360087,54.345063304919705,Pass
8.963358185211197,59.401236730770805,28.24724263700037,58.48219556562616,Pass
0.13001923510736035,67.76922843428697,42.52281854376939,34.752672996143055,Fail
0.8550853085446808,89.18958922426987,3.757109039890738,22.01484345643547,Fail
2.078862551460273,77.71132570660083,12.786680122241755,38.48108945735083,Fail
0.26532203873819715,50.261480677145634,76.55467505158609,40.59692720352493,Fail
1.8143543508979731,88.0495380014047,0.0011634755366141114,36.8659286898898,Fail
5.830415609696922,51.76556774701196,41.65658284822922,56.638899242795794,Pass
4.214245505924979,87.2866891365616,52.251018108558846,60.556393398284605,Pass
8.926717110769749,60.124028008261874,5.4634420000972295,56.12355654457811,Pass
8.17443561738441,97.90367400596901,97.30781629723329,86.85584787719188,Pass
3.4181735169787597,68.39703756510423,22.612533124967193,37.414461456691214,Fail
2.594234334312925,66.34658081690395,30.419871963628086,45.34054627229797,Fail
3.7969240816726693,57.44440251662223,30.39425122550273,48.720969477858056,Fail
5.902949425148077,65.28021077451075,23.04166621173499,48.91780861490576,Fail
2.6806364082287626,93.83253809141003,0.1473822086311416,39.14653545919377,Fail
6.24148907849134,99.81671688136237,72.93447940879963,72.26824332604512,Pass
4.0941165219124045,68.41547652534241,96.68454997992853,71.77025826556813,Pass
5.520471808519803,72.43053154772713,22.429348328504506,53.866935315407595,Pass
4.361265291353167,86.10354691013686,66.30471918034225,72.87362817487514,Pass
2.9446575954191765,94.30978902325373,74.18963269587151,57.93684151151559,Pass
9.484533069621566,79.6522167093392,84.84253790905247,85.39651916891268,Pass
7.636057941597608,69.57628490889147,42.262919701360914,65.25322276209401,Pass
1.4011317576645255,70.63109204243119,30.293090564042924,39.11422950122919,Fail
8.684679758979128,84.78090732484034,32.52951340230311,68.85350706632137,Pass
4.874311982495136,50.16091318021393,71.26213330985128,51.559356424731604,Pass
8.945522268940914,80.97946687299203,81.6779466505636,88.98635077744821,Pass
7.998552559473152,67.77465052206787,18.161396775660265,61.38070123993896,Pass
4.252135044692334,89.7098665638542,37.09410081577652,50.46835988983993,Pass
0.22469308320117398,54.64953199115661,90.19401967491501,51.12905183815366,Pass
2.686773593849461,79.41011334741953,80.66935196947392,64.62192751644889,Pass
5.416342146608669,74.04864449430619,98.48584027624759,74.09719650383977,Pass
6.334782198261473,82.11627629526137,75.42482596820807,72.99944878396691,Pass
2.578876854332023,53.24267972414842,39.319520102792225,40.854456220989825,Fail
1.3935607407282413,78.99918937140657,59.06378339946377,42.684619442892775,Fail
8.34930236799299,78.07422939797618,66.10142542473203,76.80006331460484,Pass
9.84402180703552,78.03300472080855,7.845581631712395,54.37774541085247,Pass
5.256901823026858,80.17438332982275,54.44969591038651,65.79710929168489,Pass
1.716792858483035,83.82339686131812,70.93208284726096,45.48634923429656,Fail
2.7230732651936895,90.24944998403848,16.732130400106037,50.503866318163105,Pass
0.18390676547466733,63.49103600641072,78.06317174255571,41.55128891675634,Fail
9.14298806560499,91.2524705090031,58.37727805141116,80.40254192088835,Pass
1.1775108289014113,74.91278411317268,95.22217856975946,52.61186259006276,Pass
5.765164755142536,53.852913956716556,4.24222982068917,39.04900778418148,Fail
2.74055220687206,52.92754646219896,26.5326137555467,41.89291361855212,Fail
5.541780025157934,66.71191593480305,60.15538792998241,47.78826797739197,Fail
6.514203883518642,89.24484885557338,29.65599122059307,68.11189448736545,Pass
8.297418037072017,85.3840467370458,71.44241640712423,81.92772849704761,Pass
2.064212717606032,89.43074823362032,75.9005282521931,51.82112557688207,Pass
0.10995828658480478,75.86345282208046,10.251596406647446,20.8977859497114,Fail
1.3688563006880727,72.00994989777453,51.38544642067677,50.8760092343287,Pass
9.00018641848105,57.372626335314195,50.889055559105586,63.75171584253648,Pass
8.738900775625153,66.40963768046558,36.92807702155411,60.19016496012672,Pass
5.974131021703083,71.70096830869376,93.29248625696721,79.08113316833426,Pass
6.005168604336534,54.43002148398086,82.75063198732212,66.8676348401666,Pass
6.650366745462555,61.03059763556056,69.72093819096368,61.1372998471255,Pass
1.753712786234496,79.91126470318694,71.43266357349975,53.50115450496708,Pass
9.144119459249598,86.7831557119595,46.17161438131191,71.33414544677842,Pass
4.187705248920731,99.91737556964748,92.09945210965759,79.85997629158747,Pass
3.8313852824949746,96.65566656717789,69.45954272532853,70.46695874209749,Pass
5.189177052828375,82.12825997675958,72.89810616558164,69.92464904812559,Pass
0.46965966775055046,71.0624026647036,86.16909037873452,50.856391890268725,Pass
1.662833687560794,81.80886823541164,27.4071589342191,48.222083525469266,Fail
7.380336164263705,89.2825809040116,80.7070903866703,80.5166776812005,Pass
0.8279866792512647,55.91680954616937,19.524060295649203,20.034837042446625,Fail
6.031521094663882,70.4952444848144,34.53419522448878,57.88228585560802,Pass
2.4534910968132095,91.99011428178086,33.56104542698427,57.90954754756795,Pass
3.8929561404197655,69.1916475966522,97.85254683891405,60.61128542641967,Pass
2.8869373677069987,78.59361356135932,85.65372237479268,59.01463641820366,Pass
3.5567271646494913,79.38846804310991,70.11698615902597,61.160775109745984,Pass
7.1904590518424545,59.22381265668197,72.70567616153902,68.07115860780742,Pass
2.9712171562317504,68.11177208261442,56.20727944025711,44.2690661799019,Fail
5.664046402968972,66.72556443709661,94.70906671085191,76.6958642374128,Pass
4.760504021990997,51.30983542660324,49.62587528823615,60.922932912502105,Pass
6.636711653626481,51.209588194567765,38.05177098698945,54.305911664092626,Pass
9.36829739324758,91.58485218378868,16.3035336931591,65.31936388739464,Pass
7.325720972102503,63.65354049864062,78.6205652261058,64.24031298056656,Pass
2.149403785907568,75.90393831194078,73.44439320755914,54.691994505586145,Pass
0.3118313506128467,64.93627867943866,38.43550385241349,37.77824687858832,Fail
2.622640442998251,97.03396225576702,2.519341395922936,42.7323915999769,Fail
5.9507793070025485,62.964837943288686,83.89973277180107,67.85046923794285,Pass
0.5142581348425035,71.48284063694675,1.1417983454073632,20.898065975129715,Fail
4.963662472012364,93.63651252423008,70.3699779629051,63.59577887059956,Pass
5.968428489168892,92.09667833959043,97.02571097260571,84.78418738195882,Pass
3.3424389081696084,59.305070892313864,43.766132814820345,48.85997485174662,Fail
7.7091220374582194,90.13216548978552,23.497340499595275,57.196691013193444,Pass
1.065982531337718,72.90934433689463,70.48710100433817,55.23205861862413,Pass
0.7513778173580876,74.14844360426775,81.71281420155852,52.63424471565024,Pass
7.281887562036033,56.67399862079719,54.64303160778473,69.52063254244767,Pass
4.954913162061985,54.03007568785623,96.70352752561462,58.32909486986361,Pass
6.88402396427736,86.39696534868827,5.166872165796111,48.176126334377564,Fail
4.348273386037462,74.82305761776499,50.479559830452814,54.2390322297787,Pass
2.464020332391068,71.84253513075898,71.845394732255,55.47638242294443,Pass
8.191023176741997,86.47541143261984,86.2640471149179,93.56773438586411,Pass
7.994158789689792,88.27564494955548,17.925561190779003,67.36739156993517,Pass
6.946964708544268,57.94540838346768,80.00034817636814,67.95817941806766,Pass
2.7214513722996267,80.51125747388207,55.27070757185453,46.48854896459002,Fail
5.902306668690871,56.76770411388428,39.65536819899632,58.686151232223416,Pass
3.6097389694002677,87.56875430145229,13.171502857909356,39.83750589665599,Fail
0.9158207332663415,82.84775781335698,86.52957589089124,62.61882581820144,Pass
9.173135754622429,97.8307310541729,15.727320817971535,69.33803533210049,Pass
1.368186309189614,53.44790081782106,30.978785920909925,38.753661621467,Fail
9.502373538208024,52.852736057562716,29.004553196243688,65.9613373792704,Pass
4.460057729579558,64.10935373466,87.14140341908544,62.53048061722957,Pass
